"http://dbpedia.org/resource/Boot_Lake_(Anoka_County,_Minnesota)"
"http://dbpedia.org/resource/Boot_Lake_(Cass_County,_Minnesota)"
"http://dbpedia.org/resource/Boot_Lake_(Lake_County,_Minnesota)"
"http://dbpedia.org/resource/Bullhead_Lake_(Otter_Tail_County,_Minnesota)"
"http://dbpedia.org/resource/Bullhead_Lake_(Watonwan_County,_Minnesota)"
"http://dbpedia.org/resource/Cannon_Lake_(Rice_County,_Minnesota)"
"http://dbpedia.org/resource/Cedar_Lake_(Aitkin_County,_Minnesota)"
"http://dbpedia.org/resource/Cedar_Lake_(Martin_County,_Minnesota)"
"http://dbpedia.org/resource/Cedar_Lake_(McLeod_and_Meeker_counties,_Minnesota)"
"http://dbpedia.org/resource/Cedar_Lake_(Scott_County,_Minnesota)"
"http://dbpedia.org/resource/Cottonwood_Lake_(Grant_and_Stevens_counties,_Minnesota)"
"http://dbpedia.org/resource/Dog_Lake_(Minnesota)"
"http://dbpedia.org/resource/French_Lake_(Wright_County,_Minnesota)"
"http://dbpedia.org/resource/Greenleaf_Lake_(Le_Sueur_County,_Minnesota)"
"http://dbpedia.org/resource/Greenleaf_Lake_(Meeker_County,_Minnesota)"
"http://dbpedia.org/resource/Half_Moon_Lake_(Meeker_County,_Minnesota)"
"http://dbpedia.org/resource/Hall_Lake_(Clearwater_County,_Minnesota)"
"http://dbpedia.org/resource/Hall_Lake_(Martin_County,_Minnesota)"
"http://dbpedia.org/resource/Lake_Charlotte_(Wright_County,_Minnesota)"
"http://dbpedia.org/resource/Lake_Emily_(Le_Sueur_County,_Minnesota)"
"http://dbpedia.org/resource/Lake_Jefferson_(Minnesota)"
"http://dbpedia.org/resource/Lake_Washington_(Le_Sueur_and_Blue_Earth_counties,_Minnesota)"
"http://dbpedia.org/resource/Lake_Washington_(Meeker_County,_Minnesota)"
"http://dbpedia.org/resource/Lily_Lake_(Blue_Earth_County,_Minnesota)"
"http://dbpedia.org/resource/Lily_Lake_(Washington_County,_Minnesota)"
"http://dbpedia.org/resource/Lime_Lake_(Murray_County,_Minnesota)"
"http://dbpedia.org/resource/Little_Boot_Lake"
"http://dbpedia.org/resource/Loon_Lake_(Cass_County,_Minnesota)"
"http://dbpedia.org/resource/Loon_Lake_(Cook_County,_Minnesota)"
"http://dbpedia.org/resource/Martin_Lake_(Martin_County,_Minnesota)"
"http://dbpedia.org/resource/McKay_Lake_(Minnesota)"
"http://dbpedia.org/resource/Minnesota_Lake_(Faribault_County,_Minnesota)"
"http://dbpedia.org/resource/Murphy_Lake_(Central_Lakes,_St._Louis_County,_Minnesota)"
"http://dbpedia.org/resource/Murphy_Lake_(Gowan,_St._Louis_County,_Minnesota)"
"http://dbpedia.org/resource/Murphy_Lake_(Itasca_County,_Minnesota)"
"http://dbpedia.org/resource/Murphy_Lake_(Martin_County,_Minnesota)"
"http://dbpedia.org/resource/Murphy_Lake_(Otter_Tail_County,_Minnesota)"
"http://dbpedia.org/resource/Murphy_Lake_(Scott_County,_Minnesota)"
"http://dbpedia.org/resource/Nelson_Lake_(Aitkin_County,_Minnesota)"
"http://dbpedia.org/resource/Nelson_Lake_(Douglas_County,_Minnesota)"
"http://dbpedia.org/resource/Oak_Lake_(Polk_County,_Minnesota)"
"http://dbpedia.org/resource/Peterson_Lake_(Clearwater_County,_Minnesota)"
"http://dbpedia.org/resource/Peterson_Lake_(Meeker_County,_Minnesota)"
"http://dbpedia.org/resource/Pike_Lake_(Pope_County,_Minnesota)"
"http://dbpedia.org/resource/Rat_Lake_(Aitkin_County,_Minnesota)"
"http://dbpedia.org/resource/Rat_Lake_(Cottonwood_County,_Minnesota)"
"http://dbpedia.org/resource/Rock_Lake_(Lyon_County,_Minnesota)"
"http://dbpedia.org/resource/Rock_Lake_(Minnesota)"
"http://dbpedia.org/resource/Rock_Lake_(Wright_County,_Minnesota)"
"http://dbpedia.org/resource/Rose_Lake_(Martin_County,_Minnesota)"
"http://dbpedia.org/resource/Rose_Lake_(Pigeon_River)"
"http://dbpedia.org/resource/School_Lake_(Brown_County,_Minnesota)"
"http://dbpedia.org/resource/School_Lake_(Le_Sueur_County,_Minnesota)"
"http://dbpedia.org/resource/Sleepy_Eye_Lake_(Brown_County,_Minnesota)"
"http://dbpedia.org/resource/Sleepy_Eye_Lake_(Le_Sueur_County,_Minnesota)"
"http://dbpedia.org/resource/Smith_Lake_(Murray_County,_Minnesota)"
"http://dbpedia.org/resource/Smith_Lake_(Wright_County,_Minnesota)"
"http://dbpedia.org/resource/Sugar_Lake_(Aitkin_County,_Minnesota)"
"http://dbpedia.org/resource/Sugar_Lake_(Wright_County,_Minnesota)"
"http://dbpedia.org/resource/Swan_Lake_(Nicollet_County,_Minnesota)"
"http://dbpedia.org/resource/Tiger_Lake_(Carver_County,_Minnesota)"
"http://dbpedia.org/resource/Tiger_Lake_(Redwood_County,_Minnesota)"
"http://dbpedia.org/resource/Union_Lake_(Polk_County,_Minnesota)"
"http://dbpedia.org/resource/Union_Lake_(Rice_County,_Minnesota)"
"http://dbpedia.org/resource/Wolf_Lake_(Becker_County,_Minnesota)"
"http://dbpedia.org/resource/Barnes_Lake_(Minnesota)"
"http://dbpedia.org/resource/Butternut_Lake"
"http://dbpedia.org/resource/Campbell_Lake_(Carver_and_McLeod_counties,_Minnesota)"
"http://dbpedia.org/resource/Chub_Lake_(Carlton_County)"
"http://dbpedia.org/resource/Chub_Lake_(Dakota_County)"
"http://dbpedia.org/resource/Comfort_Lake"
"http://dbpedia.org/resource/Garden_Lake"
"http://dbpedia.org/resource/Howard_Lake_(Cook_County,_Minnesota)"
"http://dbpedia.org/resource/Howard_Lake_(Wright_County,_Minnesota)"
"http://dbpedia.org/resource/Lake_Marion_(McLeod_County,_Minnesota)"
"http://dbpedia.org/resource/Lake_Virginia_(Minnesota)"
"http://dbpedia.org/resource/Lake_Whitney_(McLeod_County,_Minnesota)"
"http://dbpedia.org/resource/Lewis_Lake_(Kanabec_County,_Minnesota)"
"http://dbpedia.org/resource/Mattson_Lake"
"http://dbpedia.org/resource/Miller_Lake_(Carver_County,_Minnesota)"
"http://dbpedia.org/resource/Paine_Lake"
"http://dbpedia.org/resource/Preston_Lake_(Renville_County,_Minnesota)"
"http://dbpedia.org/resource/Whipple_Lake"
"http://dbpedia.org/resource/Woman_Lake"
"http://dbpedia.org/resource/Graham_Lakes_(Minnesota)"
"http://dbpedia.org/resource/Grindstone_Lake_(Minnesota)"
"http://dbpedia.org/resource/Asp_Lake"
"http://dbpedia.org/resource/Atkinson_Lake"
"http://dbpedia.org/resource/Boy_Lake_(Cass_County,_Minnesota)"
"http://dbpedia.org/resource/Brooks_Lake"
"http://dbpedia.org/resource/Buckman_Lake"
"http://dbpedia.org/resource/Budd_Lake_(Clearwater_County,_Minnesota)"
"http://dbpedia.org/resource/Budd_Lake_(Martin_County,_Minnesota)"
"http://dbpedia.org/resource/Buffalo_Lake_(Wright_County,_Minnesota)"
"http://dbpedia.org/resource/Church_Lake"
"http://dbpedia.org/resource/Foot_Lake"
"http://dbpedia.org/resource/Green_Lake_(Kandiyohi_County,_Minnesota)"
"http://dbpedia.org/resource/Hart_Lake_(Hubbard_County,_Minnesota)"
"http://dbpedia.org/resource/Hart_Lake_(Swift_County,_Minnesota)"
"http://dbpedia.org/resource/Horseshoe_Lake_(Chisago_County,_Minnesota)"
"http://dbpedia.org/resource/Horseshoe_Lake_(Douglas_County,_Minnesota)"
"http://dbpedia.org/resource/Horseshoe_Lake_(Isanti_County,_Minnesota)"
"http://dbpedia.org/resource/Horseshoe_Lake_(Todd_County,_Minnesota)"
"http://dbpedia.org/resource/Island_Lake_(Aitkin_County,_Minnesota)"
"http://dbpedia.org/resource/Island_Lake_(Beltrami_County,_Minnesota)"
"http://dbpedia.org/resource/Island_Lake_(Lyon_County,_Minnesota)"
"http://dbpedia.org/resource/Lake_Ann_(Minnesota)"
"http://dbpedia.org/resource/Lake_Arthur_(Minnesota)"
"http://dbpedia.org/resource/Lake_Benton_(Lincoln_County,_Minnesota)"
"http://dbpedia.org/resource/Lake_Elizabeth_(Kandiyohi_County,_Minnesota)"
"http://dbpedia.org/resource/Lake_Florida"
"http://dbpedia.org/resource/Lake_Independence_(Jackson_County,_Minnesota)"
"http://dbpedia.org/resource/Lake_Irving"
"http://dbpedia.org/resource/Lake_Louise_(Douglas_County,_Minnesota)"
"http://dbpedia.org/resource/Lake_McKusick"
"http://dbpedia.org/resource/Lake_Yankton"
"http://dbpedia.org/resource/Little_Horseshoe_Lake"
"http://dbpedia.org/resource/Long_Lake_(Grant_County,_Minnesota)"
"http://dbpedia.org/resource/Mille_Lacs_Lake"
"http://dbpedia.org/resource/Red_Lake_(Minnesota)"
"http://dbpedia.org/resource/Reno_Lake"
"http://dbpedia.org/resource/Sand_Lake_(Becker_and_Clay_counties,_Minnesota)"
"http://dbpedia.org/resource/Silver_Lake_(Clay_County,_Minnesota)"
"http://dbpedia.org/resource/Sloan_Lake_(Minnesota)"
"http://dbpedia.org/resource/Target_Lake"
"http://dbpedia.org/resource/Mayhew_Lake"
"http://dbpedia.org/resource/Rainy_Lake"
"http://dbpedia.org/resource/Black_Dog_Lake"
"http://dbpedia.org/resource/Christina_Lake_(Minnesota)"
"http://dbpedia.org/resource/Cody_Lake"
"http://dbpedia.org/resource/Fishhook_Lake"
"http://dbpedia.org/resource/Flour_Lake"
"http://dbpedia.org/resource/Galpin_Lake"
"http://dbpedia.org/resource/Lake_Alice_(Hubbard_County,_Minnesota)"
"http://dbpedia.org/resource/Lake_Darling_(Minnesota)"
"http://dbpedia.org/resource/Lake_Hassel"
"http://dbpedia.org/resource/Lake_Victoria_(Minnesota)"
"http://dbpedia.org/resource/Lobster_Lake"
"http://dbpedia.org/resource/Long_Lost_Lake"
"http://dbpedia.org/resource/Lost_Lake_(Minnesota)"
"http://dbpedia.org/resource/Moore_Lake_(Wright_County,_Minnesota)"
"http://dbpedia.org/resource/Newton_Lake_(Lake_County,_Minnesota)"
"http://dbpedia.org/resource/Norris_Lake_(Anoka_County,_Minnesota)"
"http://dbpedia.org/resource/Perry_Lake_(Minnesota)"
"http://dbpedia.org/resource/Bennett_Lake_(Roseville)"
"http://dbpedia.org/resource/Round_Lake_(Eden_Prairie)"
"http://dbpedia.org/resource/Lake_Abita"
"http://dbpedia.org/resource/Lake_Ocheda_(Minnesota)"
"http://dbpedia.org/resource/Lake_Okabena"
"http://dbpedia.org/resource/Lake_Superior"
"http://dbpedia.org/resource/Armstrong_Lake"
"http://dbpedia.org/resource/Ash_Lake_(Lincoln_County,_Minnesota)"
"http://dbpedia.org/resource/Balsam_Lake_(Itasca_County,_Minnesota)"
"http://dbpedia.org/resource/Bean_Lake"
"http://dbpedia.org/resource/Beaulieu_Lake"
"http://dbpedia.org/resource/Berliner_Lake"
"http://dbpedia.org/resource/Birch_Lake_(Aitkin_County,_Minnesota)"
"http://dbpedia.org/resource/Birch_Lake_(Cass_County,_Minnesota)"
"http://dbpedia.org/resource/Borer_Lake"
"http://dbpedia.org/resource/Briggs_Lake"
"http://dbpedia.org/resource/Camp_Lake_(Swift_County,_Minnesota)"
"http://dbpedia.org/resource/Colby_Lake_(Chisago_County,_Minnesota)"
"http://dbpedia.org/resource/Colby_Lake_(Washington_County,_Minnesota)"
"http://dbpedia.org/resource/Deer_Lake_(Itasca_County,_Minnesota)"
"http://dbpedia.org/resource/Diamond_Lake_(Kandiyohi_County,_Minnesota)"
"http://dbpedia.org/resource/Elbow_Lake_(Grant_County,_Minnesota)"
"http://dbpedia.org/resource/Fall_Lake_(Minnesota)"
"http://dbpedia.org/resource/Fish_Lake_(Minnesota)"
"http://dbpedia.org/resource/Fox_Lake_(Martin_County,_Minnesota)"
"http://dbpedia.org/resource/Gunn_Lake"
"http://dbpedia.org/resource/Hand_Lake"
"http://dbpedia.org/resource/Heron_Lake_(Jackson_County,_Minnesota)"
"http://dbpedia.org/resource/Ima_Lake"
"http://dbpedia.org/resource/Indian_Lake_(Blue_Earth_County,_Minnesota)"
"http://dbpedia.org/resource/Indian_Lake_(Nobles_County,_Minnesota)"
"http://dbpedia.org/resource/Lady_Lake_(Minnesota)"
"http://dbpedia.org/resource/Lake_Aaron"
"http://dbpedia.org/resource/Lake_Ellen_(Minnesota)"
"http://dbpedia.org/resource/Lake_Henry_(Douglas_County,_Minnesota)"
"http://dbpedia.org/resource/Lake_Henry_(Le_Sueur_County,_Minnesota)"
"http://dbpedia.org/resource/Lake_Hiawatha"
"http://dbpedia.org/resource/Lake_Ida_(Douglas_County,_Minnesota)"
"http://dbpedia.org/resource/Lake_Johanna_(Ramsey_County,_Minnesota)"
"http://dbpedia.org/resource/Lake_Lillian_(Kandiyohi_County,_Minnesota)"
"http://dbpedia.org/resource/Lake_Linka"
"http://dbpedia.org/resource/Lake_Marshall_(Lyon_County,_Minnesota)"
"http://dbpedia.org/resource/Lake_Mary_(Crow_Wing_County,_Minnesota)"
"http://dbpedia.org/resource/Lake_Mary_(Douglas_County,_Minnesota)"
"http://dbpedia.org/resource/Lake_Sarah_(Hennepin_County,_Minnesota)"
"http://dbpedia.org/resource/Lake_Stay_(Minnesota)"
"http://dbpedia.org/resource/Lake_Waconia"
"http://dbpedia.org/resource/Lake_Wilson_(Murray_County,_Minnesota)"
"http://dbpedia.org/resource/Mountain_Lake_(Cook_County,_Minnesota)"
"http://dbpedia.org/resource/Mud_Lake_(Minnesota)"
"http://dbpedia.org/resource/Pennington_Lake"
"http://dbpedia.org/resource/Portage_Lake_(Aitkin_County,_Minnesota)"
"http://dbpedia.org/resource/Portage_Lake_(Hubbard_County,_Minnesota)"
"http://dbpedia.org/resource/Portage_Lake_(Otter_Tail_County,_Minnesota)"
"http://dbpedia.org/resource/Radisson_Lake"
"http://dbpedia.org/resource/Rice_Lake_(Hubbard_County,_Minnesota)"
"http://dbpedia.org/resource/Rice_Lake_(Mille_Lacs_County,_Minnesota)"
"http://dbpedia.org/resource/Rice_Lake_(Pope_County,_Minnesota)"
"http://dbpedia.org/resource/Rice_Lake_(Rice_County,_Minnesota)"
"http://dbpedia.org/resource/Rice_Lake_(Wadena_County,_Minnesota)"
"http://dbpedia.org/resource/Rice_Lake_(Washington_County,_Minnesota)"
"http://dbpedia.org/resource/Rush_Lake_(Minnesota)"
"http://dbpedia.org/resource/Salt_Lake_(Minnesotaâ€“South_Dakota)"
"http://dbpedia.org/resource/Spider_Lake_(Minnesota)"
"http://dbpedia.org/resource/Stratton_Lake"
"http://dbpedia.org/resource/Sturgeon_Lake_(Goodhue_County,_Minnesota)"
"http://dbpedia.org/resource/Sylvan_Lake_(Cass_County,_Minnesota)"
"http://dbpedia.org/resource/Sylvan_Lake_(Grant_County,_Minnesota)"
"http://dbpedia.org/resource/Turtle_Lake_(Beltrami_County,_Minnesota)"
"http://dbpedia.org/resource/Turtle_Lake_(Cass_County,_Minnesota)"
"http://dbpedia.org/resource/Turtle_Lake_(Douglas_County,_Minnesota)"
"http://dbpedia.org/resource/Turtle_Lake_(Grant_County,_Minnesota)"
"http://dbpedia.org/resource/Turtle_Lake_(Polk_County,_Minnesota)"
"http://dbpedia.org/resource/White_Bear_Lake_(Minnesota)"
"http://dbpedia.org/resource/Cedar_Lake_(Minneapolis)"
"http://dbpedia.org/resource/Christmas_Lake"
"http://dbpedia.org/resource/Kabekona_Lake"
"http://dbpedia.org/resource/Lake_Harriet_(Minnesota)"
"http://dbpedia.org/resource/Lake_Shetek"
"http://dbpedia.org/resource/Lake_Traverse"
"http://dbpedia.org/resource/Otter_Tail_Lake"
"http://dbpedia.org/resource/Ponto_Lake"
"http://dbpedia.org/resource/Saunders_Lake"
"http://dbpedia.org/resource/Pomroy_Lake"
"http://dbpedia.org/resource/Whale_Lake"
"http://dbpedia.org/resource/Barsness_Lake"
"http://dbpedia.org/resource/Crow_Lake_(Cook_County,_Minnesota)"
"http://dbpedia.org/resource/Crow_Lake_(Stearns_County,_Minnesota)"
"http://dbpedia.org/resource/Dean_Lake_(Crow_Wing_County,_Minnesota)"
"http://dbpedia.org/resource/Dean_Lake_(Wright_County,_Minnesota)"
"http://dbpedia.org/resource/Erwin_Lake"
"http://dbpedia.org/resource/Grass_Lake_(Kanabec_County,_Minnesota)"
"http://dbpedia.org/resource/Kasota_Lake"
"http://dbpedia.org/resource/Lake_Agnes_(Minnesota)"
"http://dbpedia.org/resource/Lovejoy_Lake"
"http://dbpedia.org/resource/Maple_Lake_(Douglas_County)"
"http://dbpedia.org/resource/Maple_Lake_(Wright_County,_Minnesota)"
"http://dbpedia.org/resource/Pelican_Lake_(Crow_Wing_County,_Minnesota)"
"http://dbpedia.org/resource/Pelican_Lake_(Grant_and_Douglas_counties,_Minnesota)"
"http://dbpedia.org/resource/Pelican_Lake_(St._Louis_County,_Minnesota)"
"http://dbpedia.org/resource/Pokegama_Lake"
"http://dbpedia.org/resource/Potato_Lake"
"http://dbpedia.org/resource/Rabbit_Lake_(Minnesota)"
"http://dbpedia.org/resource/Sandwick_Lake"
"http://dbpedia.org/resource/Shell_Lake_(Becker_County,_Minnesota)"
"http://dbpedia.org/resource/Shingobee_Lake"
"http://dbpedia.org/resource/Stony_Lake_(Hubbard_County,_Minnesota)"
"http://dbpedia.org/resource/Wall_Lake_(Minnesota)"
"http://dbpedia.org/resource/Beast_Lake"
"http://dbpedia.org/resource/Crescent_Lake_(Minnesota)"
"http://dbpedia.org/resource/Hodgson_Lake_(Renville_County,_Minnesota)"
"http://dbpedia.org/resource/Reitz_Lake"
"http://dbpedia.org/resource/Solberg_Lake"
"http://dbpedia.org/resource/Brenner_Lake_(Minnesota)"
"http://dbpedia.org/resource/Spectacle_Lake_(Minnesota)"
"http://dbpedia.org/resource/Okamanpeedan_Lake"
"http://dbpedia.org/resource/Cass_Lake_(Minnesota)"
"http://dbpedia.org/resource/Como_Lake_(Minnesota)"
"http://dbpedia.org/resource/Lake_Bemidji"
"http://dbpedia.org/resource/Lake_Itasca"
"http://dbpedia.org/resource/Lake_Minnetonka"
"http://dbpedia.org/resource/Lake_of_the_Woods"
"http://dbpedia.org/resource/Lake_Kohlmeier"
"http://dbpedia.org/resource/Lake_Pepin"
"http://dbpedia.org/resource/Lake_Vermilion"
"http://dbpedia.org/resource/Lake_of_the_Isles"
"http://dbpedia.org/resource/Wirth_Lake_(Minnesota)"
"http://dbpedia.org/resource/Leavitt_Lake"
"http://dbpedia.org/resource/Woodcock_Lake"
"http://dbpedia.org/resource/Alexis_Lake"
"http://dbpedia.org/resource/Big_Dick_Lake"
"http://dbpedia.org/resource/Donovan_Lake"
"http://dbpedia.org/resource/Hazeltine_Lake"
"http://dbpedia.org/resource/Heart_Lake_(Minnesota)"
"http://dbpedia.org/resource/Latimer_Lake"
"http://dbpedia.org/resource/Stanchfield_Lake"
"http://dbpedia.org/resource/Bad_Medicine_Lake"
"http://dbpedia.org/resource/North_Long_Lake"
"http://dbpedia.org/resource/Portsmouth_Mine_Pit_Lake"
"http://dbpedia.org/resource/Sawbill_Lake"
"http://dbpedia.org/resource/Bush_Lake_(Hennepin_County,_Minnesota)"
"http://dbpedia.org/resource/Dutch_Lake"
"http://dbpedia.org/resource/Lake_Lida"
"http://dbpedia.org/resource/Lake_Lizzie"
"http://dbpedia.org/resource/Lake_Osakis"
"http://dbpedia.org/resource/Maple_Lake_(Polk_County)"
"http://dbpedia.org/resource/Pelican_Lake_(Otter_Tail_County,_Minnesota)"
"http://dbpedia.org/resource/Bay_Lake_(Minnesota)"
"http://dbpedia.org/resource/Amos_Lake_(Minnesota)"
"http://dbpedia.org/resource/Andrew_Lake_(Kandiyohi_County,_Minnesota)"
"http://dbpedia.org/resource/Augusta_Lake_(Dakota_County,_Minnesota)"
"http://dbpedia.org/resource/Chain_Lake_(Minnesota)"
"http://dbpedia.org/resource/Christine_Lake_(Minnesota)"
"http://dbpedia.org/resource/Coal_Lake_(Minnesota)"
"http://dbpedia.org/resource/Cole_Lake_(Minnesota)"
"http://dbpedia.org/resource/Cormorant_Lake_(Minnesota)"
"http://dbpedia.org/resource/Crab_Lake_(St._Louis_County,_Minnesota)"
"http://dbpedia.org/resource/Cut_Foot_Sioux_Lake"
"http://dbpedia.org/resource/Earley_Lake"
"http://dbpedia.org/resource/Fourmile_Lake_(Minnesota)"
"http://dbpedia.org/resource/German_Lake_(Le_Sueur_County,_Minnesota)"
"http://dbpedia.org/resource/German_Lake_(Otter_Tail_County,_Minnesota)"
"http://dbpedia.org/resource/King_Lake_(Itasca_County,_Minnesota)"
"http://dbpedia.org/resource/King_Lake_(Meeker_County,_Minnesota)"
"http://dbpedia.org/resource/Lake_Alexander_(Minnesota)"
"http://dbpedia.org/resource/Lake_Elmo_(Minnesota)"
"http://dbpedia.org/resource/Lake_Hubert_(Minnesota)"
"http://dbpedia.org/resource/Lax_Lake_(Minnesota)"
"http://dbpedia.org/resource/Minnow_Lake_(Minnesota)"
"http://dbpedia.org/resource/Morrison_Lake_(Minnesota)"
"http://dbpedia.org/resource/Orchard_Lake_(Minnesota)"
"http://dbpedia.org/resource/Page_Lake_(Minnesota)"
"http://dbpedia.org/resource/Plum_Lake_(Jackson_County,_Minnesota)"
"http://dbpedia.org/resource/Remund_Lake"
"http://dbpedia.org/resource/Richardson_Lake"
"http://dbpedia.org/resource/Ross_Lake_(Crow_Wing_County,_Minnesota)"
"http://dbpedia.org/resource/Ruth_Lake_(Minnesota)"
"http://dbpedia.org/resource/Schmidt_Lake_(Wright_County,_Minnesota)"
"http://dbpedia.org/resource/Schultz_Lake_(Meeker_County,_Minnesota)"
"http://dbpedia.org/resource/Schultz_Lake_(St._Louis_County,_Minnesota)"
"http://dbpedia.org/resource/Sheridan_Lake_(Hubbard_County,_Minnesota)"
"http://dbpedia.org/resource/Sibley_Lake_(Minnesota)"
"http://dbpedia.org/resource/Signalness_Lake"
"http://dbpedia.org/resource/Solum_Lake"
"http://dbpedia.org/resource/Square_Lake_(Washington_County,_Minnesota)"
"http://dbpedia.org/resource/Stewart_Lake_(Minnesota)"
"http://dbpedia.org/resource/Stocking_Lake_(Hubbard_County,_Minnesota)"
"http://dbpedia.org/resource/Stocking_Lake_(Wadena_County,_Minnesota)"
"http://dbpedia.org/resource/Sunfish_Lake_(Minnesota)"
"http://dbpedia.org/resource/Thompson_Lake_(Meeker_County,_Minnesota)"
"http://dbpedia.org/resource/Thompson_Lake_(St._Louis_County,_Minnesota)"
"http://dbpedia.org/resource/Ward_Lake_(McLeod_and_Sibley_counties,_Minnesota)"
"http://dbpedia.org/resource/Artichoke_Lake"
"http://dbpedia.org/resource/Borden_Lake"
"http://dbpedia.org/resource/Clear_Lake_(Meeker_County,_Minnesota)"
"http://dbpedia.org/resource/Coombs_Lake"
"http://dbpedia.org/resource/Crystal_Lake_(Dakota,_Minnesota)"
"http://dbpedia.org/resource/Crystal_Lake_(Otter_Tail,_Minnesota)"
"http://dbpedia.org/resource/Crystal_Lake_(Polk_County,_Minnesota)"
"http://dbpedia.org/resource/Crystal_Lake_(Rice_County,_Minnesota)"
"http://dbpedia.org/resource/Culver_Lake"
"http://dbpedia.org/resource/Elkhorn_Lake"
"http://dbpedia.org/resource/Grant_Lake"
"http://dbpedia.org/resource/Ham_Lake_(Hubbard_County,_Minnesota)"
"http://dbpedia.org/resource/Ham_Lake_(Morrison_County,_Minnesota)"
"http://dbpedia.org/resource/Hurricane_Lake"
"http://dbpedia.org/resource/Kansas_Lake"
"http://dbpedia.org/resource/Lake_Geneva_(Minnesota)"
"http://dbpedia.org/resource/Lake_George_(Anoka_County,_Minnesota)"
"http://dbpedia.org/resource/Lake_George_(Cass_County,_Minnesota)"
"http://dbpedia.org/resource/Lake_George_(Hubbard_County,_Minnesota)"
"http://dbpedia.org/resource/Lake_Patterson"
"http://dbpedia.org/resource/Lake_Sanborn"
"http://dbpedia.org/resource/Moe_Lake"
"http://dbpedia.org/resource/Rockwell_Lake"
"http://dbpedia.org/resource/Star_Lake_(Cook_County,_Minnesota)"
"http://dbpedia.org/resource/Star_Lake_(Otter_Tail_County,_Minnesota)"
"http://dbpedia.org/resource/Wintermute_Lake"
"http://dbpedia.org/resource/Bakers_Lake"
"http://dbpedia.org/resource/Beatty_Lake"
"http://dbpedia.org/resource/Brand_Lake"
"http://dbpedia.org/resource/Burandt_Lake"
"http://dbpedia.org/resource/Circle_Lake"
"http://dbpedia.org/resource/Cleary_Lake"
"http://dbpedia.org/resource/Coon_Lake"
"http://dbpedia.org/resource/German_Lake_(Isanti_County,_Minnesota)"
"http://dbpedia.org/resource/Hahn_Lake"
"http://dbpedia.org/resource/Hanrahan_Lake"
"http://dbpedia.org/resource/Hatch_Lake"
"http://dbpedia.org/resource/Kings_Lake_(Minnesota)"
"http://dbpedia.org/resource/Lake_Addie"
"http://dbpedia.org/resource/Lake_Hook"
"http://dbpedia.org/resource/Lake_Todd_(Minnesota)"
"http://dbpedia.org/resource/Lake_Volney"
"http://dbpedia.org/resource/Mazaska_Lake"
"http://dbpedia.org/resource/Phare_Lake"
"http://dbpedia.org/resource/Roberds_Lake"
"http://dbpedia.org/resource/Rutz_Lake"
"http://dbpedia.org/resource/Sasse_Lake"
"http://dbpedia.org/resource/Savidge_Lake"
"http://dbpedia.org/resource/Schilling_Lake"
"http://dbpedia.org/resource/Schutz_Lake"
"http://dbpedia.org/resource/Severance_Lake"
"http://dbpedia.org/resource/Sheas_Lake"
"http://dbpedia.org/resource/Shields_Lake"
"http://dbpedia.org/resource/Spellman_Lake"
"http://dbpedia.org/resource/Stahl_Lake"
"http://dbpedia.org/resource/Stieger_Lake"
"http://dbpedia.org/resource/Tyler_Lake"
"http://dbpedia.org/resource/Tyson_Lake"
"http://dbpedia.org/resource/Wells_Lake"
"http://dbpedia.org/resource/Winkler_Lake"
"http://dbpedia.org/resource/Altermatt_Lake"
"http://dbpedia.org/resource/Augusta_Lake_(Cottonwood_County,_Minnesota)"
"http://dbpedia.org/resource/Bachelor_Lake"
"http://dbpedia.org/resource/Ballantyne_Lake"
"http://dbpedia.org/resource/Bloody_Lake"
"http://dbpedia.org/resource/Carey_Lake"
"http://dbpedia.org/resource/Corabelle_Lake"
"http://dbpedia.org/resource/Current_Lake"
"http://dbpedia.org/resource/Dead_Coon_Lake"
"http://dbpedia.org/resource/Freeborn_Lake"
"http://dbpedia.org/resource/Gilfillin_Lake"
"http://dbpedia.org/resource/Iowa_Lake"
"http://dbpedia.org/resource/Juni_Lake"
"http://dbpedia.org/resource/Knutsen_Lake"
"http://dbpedia.org/resource/Lady_Slipper_Lake"
"http://dbpedia.org/resource/Lake_Hendricks"
"http://dbpedia.org/resource/Lake_Shaokatan"
"http://dbpedia.org/resource/Lieberg_Lake"
"http://dbpedia.org/resource/Lura_Lake"
"http://dbpedia.org/resource/Sager_Lake"
"http://dbpedia.org/resource/School_Grove_Lake"
"http://dbpedia.org/resource/School_Section_Lake"
"http://dbpedia.org/resource/Strom_Lake"
"http://dbpedia.org/resource/Talcot_Lake"
"http://dbpedia.org/resource/Toners_Lake"
"http://dbpedia.org/resource/Warren_Lake"
"http://dbpedia.org/resource/Wita_Lake"
"http://dbpedia.org/resource/Bladder_Lake"
"http://dbpedia.org/resource/Davidson_Lake"
"http://dbpedia.org/resource/Farnham_Lake"
"http://dbpedia.org/resource/Finn_Lake"
"http://dbpedia.org/resource/Hydes_Lake"
"http://dbpedia.org/resource/Lake_Irene"
"http://dbpedia.org/resource/Lake_Oscar_(Douglas_County,_Minnesota)"
"http://dbpedia.org/resource/Lake_Oscar_(Otter_Tail_County,_Minnesota)"
"http://dbpedia.org/resource/Lory_Lake"
"http://dbpedia.org/resource/Nixon_Lake"
"http://dbpedia.org/resource/Pullman_Lake"
"http://dbpedia.org/resource/Savage_Lake"
"http://dbpedia.org/resource/Spring_Lake_(Dakota_County,_Minnesota)"
"http://dbpedia.org/resource/Spring_Lake_(Scott_County,_Minnesota)"
"http://dbpedia.org/resource/Swede_Lake"
"http://dbpedia.org/resource/Trace_Lake"
"http://dbpedia.org/resource/Wagner_Lake"
"http://dbpedia.org/resource/Chisago_Lake"
"http://dbpedia.org/resource/Home_Lake"
"http://dbpedia.org/resource/Lake_Calhoun"
"http://dbpedia.org/resource/Lake_Nokomis"
"http://dbpedia.org/resource/Leech_Lake"
"http://dbpedia.org/resource/Nokay_Lake"
"http://dbpedia.org/resource/Brule_Lake_(Minnesota)"
"http://dbpedia.org/resource/Lake_Marquette"
"http://dbpedia.org/resource/Snowbank_Lake_(Minnesota)"
"http://dbpedia.org/resource/Vadnais_Lake"
"http://dbpedia.org/resource/Platte_Lake_(Minnesota)"
"http://dbpedia.org/resource/Burntside_Lake"
"http://dbpedia.org/resource/Lake_Phalen"
"http://dbpedia.org/resource/Decker_Lake_(Le_Sueur_County,_Minnesota)"
"http://dbpedia.org/resource/Golden_Lake_(Minnesota)"
"http://dbpedia.org/resource/Gourd_Lake"
"http://dbpedia.org/resource/Lake_Josephine_(Ramsey_County,_Minnesota)"
"http://dbpedia.org/resource/Linwood_Lake_(Anoka_County,_Minnesota)"
"http://dbpedia.org/resource/Mallard_Lake_(Aitkin_County,_Minnesota)"
"http://dbpedia.org/resource/Mallard_Lake_(Clearwater_County,_Minnesota)"
"http://dbpedia.org/resource/Big_Lake_(Grant_County,_Minnesota)"
"http://dbpedia.org/resource/Linn_Lake"
"http://dbpedia.org/resource/Neander_Lake"
"http://dbpedia.org/resource/Piersons_Lake"
"http://dbpedia.org/resource/Pine_Lake_(Cass_County,_Minnesota)"
"http://dbpedia.org/resource/Pine_Lake_(Clearwater_County,_Minnesota)"
"http://dbpedia.org/resource/Pine_Lake_(Otter_Tail_County,_Minnesota)"
"http://dbpedia.org/resource/Tripp_Lake"
"http://dbpedia.org/resource/Washburn_Lake"
"http://dbpedia.org/resource/Wood_Lake_(Yellow_Medicine_County,_Minnesota)"
"http://dbpedia.org/resource/Aspinwall_Lake"
"http://dbpedia.org/resource/Bass_Lake_(Faribault_County,_Minnesota)"
"http://dbpedia.org/resource/Bass_Lake_(Mahnomen_County,_Minnesota)"
"http://dbpedia.org/resource/Beebe_Lake"
"http://dbpedia.org/resource/Big_Pine_Lake"
"http://dbpedia.org/resource/Blackwell_Lake"
"http://dbpedia.org/resource/Bloom_Lake"
"http://dbpedia.org/resource/Deming_Lake"
"http://dbpedia.org/resource/Eagle_Lake_(Blue_Earth_County,_Minnesota)"
"http://dbpedia.org/resource/Eagle_Lake_(Carlton_County,_Minnesota)"
"http://dbpedia.org/resource/Eagle_Lake_(Carver_County,_Minnesota)"
"http://dbpedia.org/resource/Eagle_Lake_(Hubbard_County,_Minnesota)"
"http://dbpedia.org/resource/Eagle_Lake_(St._Louis_County,_Minnesota)"
"http://dbpedia.org/resource/Elk_Lake_(Douglas_County,_Minnesota)"
"http://dbpedia.org/resource/Elk_Lake_(Grant_County,_Minnesota)"
"http://dbpedia.org/resource/Eng_Lake"
"http://dbpedia.org/resource/Erin_Lake"
"http://dbpedia.org/resource/Heims_Lake"
"http://dbpedia.org/resource/Lake_Harrington"
"http://dbpedia.org/resource/Lake_Langdon"
"http://dbpedia.org/resource/Lake_Miltona"
"http://dbpedia.org/resource/Lake_Pulaski"
"http://dbpedia.org/resource/Mule_Lake"
"http://dbpedia.org/resource/Pickerel_Lake_(Dakota_and_Ramsey_counties,_Minnesota)"
"http://dbpedia.org/resource/Pickerel_Lake_(Freeborn_County,_Minnesota)"
"http://dbpedia.org/resource/Pickerel_Lake_(Hubbard_County,_Minnesota)"
"http://dbpedia.org/resource/Powers_Lake_(Meeker_County,_Minnesota)"
"http://dbpedia.org/resource/Ramsey_Lake_(Minnesota)"
"http://dbpedia.org/resource/Scott_Lake_(Grant_County,_Minnesota)"
"http://dbpedia.org/resource/Summit_Lake_(Kandiyohi_County,_Minnesota)"
"http://dbpedia.org/resource/Summit_Lake_(Murray_County,_Minnesota)"
"http://dbpedia.org/resource/Swenoda_Lake"
"http://dbpedia.org/resource/Ten_Mile_Lake_(Cass_County,_Minnesota)"
"http://dbpedia.org/resource/Wilkinson_Lake"
"http://dbpedia.org/resource/Bear_Island_Lake"
"http://dbpedia.org/resource/Lake_Moses"
"http://dbpedia.org/resource/Lake_Ore-be-gone"
"http://dbpedia.org/resource/Sand_Point_Lake,_Ontario"
"http://dbpedia.org/resource/Anderson_Lake_(Poplar_River)"
"http://dbpedia.org/resource/Bouder_Lake_(Minnesota)"
"http://dbpedia.org/resource/Bulge_Lake_(Minnesota)"
"http://dbpedia.org/resource/Corny_Lake_(Minnesota)"
"http://dbpedia.org/resource/Dogtrot_Lake_(Minnesota)"
"http://dbpedia.org/resource/Green_Lake_(Chisago_City,_Minnesota)"
"http://dbpedia.org/resource/Iowa_Lake_(Minnesota)"
"http://dbpedia.org/resource/Lake_Edward_(Minnesota)"
"http://dbpedia.org/resource/Lichen_Lake_(Minnesota)"
"http://dbpedia.org/resource/Manymoon_Lake_(Minnesota)"
"http://dbpedia.org/resource/Screech_Lake_(Minnesota)"
"http://dbpedia.org/resource/Silver_Lake_(Cook_County,_Minnesota)"
"http://dbpedia.org/resource/Slip_Lake_(Minnesota)"
"http://dbpedia.org/resource/Tack_Lake_(Minnesota)"
"http://dbpedia.org/resource/Whitefish_Lake_(Minnesota)"
"http://dbpedia.org/resource/Albert_Lake_(Douglas_County,_Minnesota)"
"http://dbpedia.org/resource/Allen_Lake"
"http://dbpedia.org/resource/Amelia_Lake"
"http://dbpedia.org/resource/Anchor_Lake"
"http://dbpedia.org/resource/Andrusia_Lake"
"http://dbpedia.org/resource/Anna_Lake"
"http://dbpedia.org/resource/Badger_Lake"
"http://dbpedia.org/resource/Bald_Eagle_Lake"
"http://dbpedia.org/resource/Baumbach_Lake"
"http://dbpedia.org/resource/Bearskin_Lake_(Minnesota)"
"http://dbpedia.org/resource/Big_Sugar_Bush_Lake"
"http://dbpedia.org/resource/Bingham_Lake_(Minnesota)"
"http://dbpedia.org/resource/Blackduck_Lake"
"http://dbpedia.org/resource/Blackhawk_Lake_(Minnesota)"
"http://dbpedia.org/resource/Bohall_Lake"
"http://dbpedia.org/resource/Buchanan_Lake_(Minnesota)"
"http://dbpedia.org/resource/Buzzle_Lake"
"http://dbpedia.org/resource/Carver_Lake"
"http://dbpedia.org/resource/Charlotte_Lake_(Todd_County,_Minnesota)"
"http://dbpedia.org/resource/Chase_Lake_(Itasca_County,_Minnesota)"
"http://dbpedia.org/resource/Cooks_Lake"
"http://dbpedia.org/resource/Cow_Horn_Lake"
"http://dbpedia.org/resource/Dane_Lake"
"http://dbpedia.org/resource/Deans_Lake_(Minnesota)"
"http://dbpedia.org/resource/Dewey_Lake_(St._Louis_County,_Minnesota)"
"http://dbpedia.org/resource/Dower_Lake"
"http://dbpedia.org/resource/Dunns_Lake"
"http://dbpedia.org/resource/Eagle_Point_Lake"
"http://dbpedia.org/resource/Elm_Island_Lake"
"http://dbpedia.org/resource/English_Grove_Lake"
"http://dbpedia.org/resource/Fadden_Lake"
"http://dbpedia.org/resource/Farm_Island_Lake"
"http://dbpedia.org/resource/Farquar_Lake"
"http://dbpedia.org/resource/Five_Lake"
"http://dbpedia.org/resource/Fog_Lake_(Mille_Lacs_County,_Minnesota)"
"http://dbpedia.org/resource/Fountain_Lake_(Wright_County,_Minnesota)"
"http://dbpedia.org/resource/Four_Town_Lake"
"http://dbpedia.org/resource/Fraser_Lake_(Minnesota)"
"http://dbpedia.org/resource/Fremont_Lake_(Murray_County,_Minnesota)"
"http://dbpedia.org/resource/Frovold_Lake"
"http://dbpedia.org/resource/Garfield_Lake"
"http://dbpedia.org/resource/Glesne_Lake"
"http://dbpedia.org/resource/Green_Lake_(Isanti_County,_Minnesota)"
"http://dbpedia.org/resource/Greenwood_Lake_(Lake_County,_Minnesota)"
"http://dbpedia.org/resource/Grosilliers_Lake"
"http://dbpedia.org/resource/Grove_Lake_(Clay_and_Otter_Tail_counties,_Minnesota)"
"http://dbpedia.org/resource/Grove_Lake_(Pope_County,_Minnesota)"
"http://dbpedia.org/resource/Hafften_Lake"
"http://dbpedia.org/resource/Hanging_Horn_Lake"
"http://dbpedia.org/resource/Harstad_Slough"
"http://dbpedia.org/resource/Hays_Lake"
"http://dbpedia.org/resource/Hefta_Lake"
"http://dbpedia.org/resource/Hoeffken_Lake"
"http://dbpedia.org/resource/Hope_Lake_(Meeker_County,_Minnesota)"
"http://dbpedia.org/resource/Horseleg_Lake"
"http://dbpedia.org/resource/Hubred_Lake"
"http://dbpedia.org/resource/Hungry_Jack_Lake"
"http://dbpedia.org/resource/Hystad_Lake"
"http://dbpedia.org/resource/Jacobs_Lake_(St._Louis_County,_Minnesota)"
"http://dbpedia.org/resource/Jim_Cook_Lake"
"http://dbpedia.org/resource/Kego_Lake"
"http://dbpedia.org/resource/Kent_Lake_(Minnesota)"
"http://dbpedia.org/resource/Kirby_Lake_(Minnesota)"
"http://dbpedia.org/resource/Kirk_Lake"
"http://dbpedia.org/resource/Kitchi_Lake"
"http://dbpedia.org/resource/Lake_Allie"
"http://dbpedia.org/resource/Lake_Andrew_(Douglas_County,_Minnesota)"
"http://dbpedia.org/resource/Lake_Calhoun_(Kandiyohi_County,_Minnesota)"
"http://dbpedia.org/resource/Lake_Charley"
"http://dbpedia.org/resource/Lake_Crystal_(Blue_Earth_County,_Minnesota)"
"http://dbpedia.org/resource/Lake_De_Montreville"
"http://dbpedia.org/resource/Lake_Eight"
"http://dbpedia.org/resource/Lake_Full_of_Fish"
"http://dbpedia.org/resource/Lake_Harding_(Minnesota)"
"http://dbpedia.org/resource/Lake_Le_Homme_Dieu"
"http://dbpedia.org/resource/Lake_Martha_(Minnesota)"
"http://dbpedia.org/resource/Lake_May_(Minnesota)"
"http://dbpedia.org/resource/Lake_Mina"
"http://dbpedia.org/resource/Lake_Pepin_(Le_Sueur_County,_Minnesota)"
"http://dbpedia.org/resource/Lake_Rebecca_(Dakota_County,_Minnesota)"
"http://dbpedia.org/resource/Lake_Rebecca_(Hennepin_County,_Minnesota)"
"http://dbpedia.org/resource/Lake_Reno"
"http://dbpedia.org/resource/Lake_Ripley_(Minnesota)"
"http://dbpedia.org/resource/Lake_Seymour_(Minnesota)"
"http://dbpedia.org/resource/Lake_Sina"
"http://dbpedia.org/resource/Lake_Susan"
"http://dbpedia.org/resource/Leech_Lake_(Chisago_County,_Minnesota)"
"http://dbpedia.org/resource/Lightning_Lake_(Minnesota)"
"http://dbpedia.org/resource/Little_Coon_Lake"
"http://dbpedia.org/resource/Little_Elbow_Lake"
"http://dbpedia.org/resource/Little_Sauk_Lake"
"http://dbpedia.org/resource/Longyear_Lake"
"http://dbpedia.org/resource/Lyendecker_Lake"
"http://dbpedia.org/resource/Mahla_Lake"
"http://dbpedia.org/resource/Malmedal_Lake"
"http://dbpedia.org/resource/Mandall_Lake"
"http://dbpedia.org/resource/Marion_Lake_(Dakota_County,_Minnesota)"
"http://dbpedia.org/resource/Mary_Lake_(Clearwater_and_Hubbard_counties,_Minnesota)"
"http://dbpedia.org/resource/McCarrahan_Lake"
"http://dbpedia.org/resource/Meeds_Lake"
"http://dbpedia.org/resource/Mills_Lake_(Minnesota)"
"http://dbpedia.org/resource/Molly_Stark_Lake"
"http://dbpedia.org/resource/Monker_Lake"
"http://dbpedia.org/resource/O'Dowd_Lake"
"http://dbpedia.org/resource/Oakleaf_Lake"
"http://dbpedia.org/resource/Ogishkemuncie_Lake"
"http://dbpedia.org/resource/Pay_Lake"
"http://dbpedia.org/resource/Pelkey_Lake"
"http://dbpedia.org/resource/Peysenske_Lake"
"http://dbpedia.org/resource/Pigs_Eye_Lake"
"http://dbpedia.org/resource/Rat_House_Lake"
"http://dbpedia.org/resource/Rat_Root_Lake"
"http://dbpedia.org/resource/Roland_Lake_(Minnesota)"
"http://dbpedia.org/resource/Roosevelt_Lake_(Minnesota)"
"http://dbpedia.org/resource/Schendel_Lake"
"http://dbpedia.org/resource/Sea_Gull_Lake"
"http://dbpedia.org/resource/Sellards_Lake"
"http://dbpedia.org/resource/Seven_Beaver_Lake"
"http://dbpedia.org/resource/Shamineau_Lake"
"http://dbpedia.org/resource/Siseebakwet_Lake"
"http://dbpedia.org/resource/Six_Lake"
"http://dbpedia.org/resource/Sixmile_Lake_(Minnesota)"
"http://dbpedia.org/resource/Skataas_Lake"
"http://dbpedia.org/resource/Skogman_Lake"
"http://dbpedia.org/resource/Stockhaven_Lake"
"http://dbpedia.org/resource/Sugar_Bush_Lake"
"http://dbpedia.org/resource/Tenmile_Lake_(Beltrami_County,_Minnesota)"
"http://dbpedia.org/resource/Tenmile_Lake_(Otter_Tail_County,_Minnesota)"
"http://dbpedia.org/resource/Trollin_Lake"
"http://dbpedia.org/resource/Tulaby_Lake"
"http://dbpedia.org/resource/Twenty_Lake"
"http://dbpedia.org/resource/Twentyone_Lake"
"http://dbpedia.org/resource/Two_Inlets_Lake"
"http://dbpedia.org/resource/Vanose_Lake"
"http://dbpedia.org/resource/Venoah_Lake"
"http://dbpedia.org/resource/Vermont_Lake"
"http://dbpedia.org/resource/Wabedo_Lake"
"http://dbpedia.org/resource/Waboose_Lake"
"http://dbpedia.org/resource/Washington_Lake_(Sibley_County,_Minnesota)"
"http://dbpedia.org/resource/White_Lily_Lake"
"http://dbpedia.org/resource/White_Stone_Lake"
"http://dbpedia.org/resource/Willie_Lake"
"http://dbpedia.org/resource/Big_Birch_Lake"
"http://dbpedia.org/resource/Devils_Lake_(Minnesota)"
"http://dbpedia.org/resource/Lake_Windigo"
"http://dbpedia.org/resource/Saganaga_Lake"
"http://dbpedia.org/resource/Brandon_Lake"
"http://dbpedia.org/resource/Hinds_Lake"
"http://dbpedia.org/resource/Kegan_Lake"
"http://dbpedia.org/resource/Lake_Burgan"
"http://dbpedia.org/resource/Linderman_Lake"
"http://dbpedia.org/resource/Russell_Lake_(Minnesota)"
"http://dbpedia.org/resource/Tamarack_Lake"
"http://dbpedia.org/resource/Quam_Lake"
"http://dbpedia.org/resource/Baldwin_Lake_(Anoka_County,_Minnesota)"
"http://dbpedia.org/resource/Cameron_Lake_(Polk_County,_Minnesota)"
"http://dbpedia.org/resource/Gilfillan_Lake"
"http://dbpedia.org/resource/Lake_Cowdrey"
"http://dbpedia.org/resource/Norway_Lake_(Cass_County,_Minnesota)"
"http://dbpedia.org/resource/Norway_Lake_(Kandiyohi_County,_Minnesota)"
"http://dbpedia.org/resource/Winchell_Lake"
"http://dbpedia.org/resource/Clitherall_Lake"
"http://dbpedia.org/resource/Douglas_Lake_(Minnesota)"
"http://dbpedia.org/resource/Mantrap_Lake"
"http://dbpedia.org/resource/McCarrons_Lake"
"http://dbpedia.org/resource/Serpent_Lake"
"http://dbpedia.org/resource/Yaeger_Lake"
"http://dbpedia.org/resource/Farm_Lake"
"http://dbpedia.org/resource/Grand_Lake_(St._Louis_County,_Minnesota)"
"http://dbpedia.org/resource/Lake_Lucy"
"http://dbpedia.org/resource/Rogers_Lake_(Minnesota)"
"http://dbpedia.org/resource/Blue_Lake_(Hubbard_County,_Minnesota)"
"http://dbpedia.org/resource/Clearwater_Lake_(Cook_County,_Minnesota)"
"http://dbpedia.org/resource/Ensign_Lake"
"http://dbpedia.org/resource/Gervais_Lake"
"http://dbpedia.org/resource/Lake_Bavaria"
"http://dbpedia.org/resource/Lake_Lomond"
"http://dbpedia.org/resource/Lake_Minnewaska_(Minnesota)"
"http://dbpedia.org/resource/Nest_Lake"
"http://dbpedia.org/resource/Solomon_Lake"
"http://dbpedia.org/resource/Wassermann_Lake"
"http://dbpedia.org/resource/Weird_Lake"
"http://dbpedia.org/resource/Green_Mountain_Lake"
"http://dbpedia.org/resource/Lake_Plantagenet"
"http://dbpedia.org/resource/Steamboat_Lake_(Cass_and_Hubbard_counties,_Minnesota)"
"http://dbpedia.org/resource/Sweitzer_Lake_(Minnesota)"
"http://dbpedia.org/resource/Crawford_Lake_(Wright_County,_Minnesota)"
"http://dbpedia.org/resource/Lake_Isabelle"
"http://dbpedia.org/resource/Moon_Lake_(Minnesota)"
"http://dbpedia.org/resource/Timber_Lake_(Jackson_County,_Minnesota)"
"http://dbpedia.org/resource/Tin_Can_Mike_Lake"
"http://dbpedia.org/resource/Football_Lake"
"http://dbpedia.org/resource/West_Bearskin_Lake"
"http://dbpedia.org/resource/Rice_Lake_(Cook_County,_Minnesota)"